window_start	window_end	avg_conn_duration	number_of_conn	sum_orig_kbytes	sum_resp_bytes
2018-04-13 23:10:00	2018-04-14 00:10:00	1.091613005423321	16595	484293804	458694542
2018-04-13 23:20:00	2018-04-14 00:20:00	1.0231987798008257	29823	2352139701	792597872
2018-04-13 23:30:00	2018-04-14 00:30:00	1.0282521618894207	42214	3441880182	1138757463
2018-04-13 23:40:00	2018-04-14 00:40:00	1.111874952191662	55848	3597720209	1538558911
2018-04-13 23:50:00	2018-04-14 00:50:00	0.7539702548671525	103089	3608747597	1888969242
2018-04-14 00:00:00	2018-04-14 01:00:00	0.9119469353259377	116832	3612003592	2233697286
2018-04-14 00:10:00	2018-04-14 01:10:00	0.8805626489191984	114082	3130504652	2195755327
2018-04-14 00:20:00	2018-04-14 01:20:00	1.0307202004500782	115091	3862441600	2299320965
2018-04-14 00:30:00	2018-04-14 01:30:00	1.0051275496368863	115942	3159371336	2343009617
2018-04-14 00:40:00	2018-04-14 01:40:00	0.9398643464126892	117386	3005934068	2422639515
2018-04-14 00:50:00	2018-04-14 01:50:00	1.2852882675150528	87853	3531003531	2460314614
2018-04-14 01:00:00	2018-04-14 02:00:00	1.1258105386399386	87099	3530672253	2587570778
2018-04-14 01:10:00	2018-04-14 02:10:00	1.1494154325127388	86157	3530257948	2539655142
2018-04-14 01:20:00	2018-04-14 02:20:00	1.0554591311651524	84710	945306183	2431800662
2018-04-14 01:30:00	2018-04-14 02:30:00	1.1100236238824048	84221	2906417078	2473387277
2018-04-14 01:40:00	2018-04-14 02:40:00	1.1181410008822126	83880	2906783085	2443786915
2018-04-14 01:50:00	2018-04-14 02:50:00	1.109452983458664	81251	2374684274	2441646433
2018-04-14 02:00:00	2018-04-14 03:00:00	1.0817934322738265	83498	2374350073	2459322538
2018-04-14 02:10:00	2018-04-14 03:10:00	1.125667297341239	83648	2374310970	2449651888
2018-04-14 02:20:00	2018-04-14 03:20:00	1.0233128128348465	86047	2362420045	2478698618
2018-04-14 02:30:00	2018-04-14 03:30:00	1.1528692241960425	86634	17898657	2412377085
2018-04-14 02:40:00	2018-04-14 03:40:00	1.238763697182851	85725	18075497	2315692421
2018-04-14 02:50:00	2018-04-14 03:50:00	1.2916164372077286	85751	18459885	2404508088
2018-04-14 03:00:00	2018-04-14 04:00:00	1.294982387966221	85260	18653851	2365806785
2018-04-14 03:10:00	2018-04-14 04:10:00	1.2768320478293782	88523	20321703	2486377510
2018-04-14 03:20:00	2018-04-14 04:20:00	1.3171282724326634	89178	21170484	2475312154
2018-04-14 03:30:00	2018-04-14 04:30:00	1.2553641481464948	89614	24688198	2469459284
2018-04-14 03:40:00	2018-04-14 04:40:00	1.2746010888805424	90526	25517781	2487206185
2018-04-14 03:50:00	2018-04-14 04:50:00	1.2869981962183359	89696	27545342	2393740148
2018-04-14 04:00:00	2018-04-14 05:00:00	1.3276269083391612	88642	30629277	2341655371
2018-04-14 04:10:00	2018-04-14 05:10:00	1.3588269828611554	88279	46054160	2341594024
2018-04-14 04:20:00	2018-04-14 05:20:00	1.384732332722293	88374	1854755654	2501302177
2018-04-14 04:30:00	2018-04-14 05:30:00	1.416124902470754	89163	4965697302	2483092242
2018-04-14 04:40:00	2018-04-14 05:40:00	1.545453655977526	89000	9019866069	2455325274
2018-04-14 04:50:00	2018-04-14 05:50:00	1.522314383970085	92265	11457451676	2449395532
2018-04-14 05:00:00	2018-04-14 06:00:00	1.5664581971493612	92260	11454946141	2426957880
2018-04-14 05:10:00	2018-04-14 06:10:00	1.5689140075717325	92185	11439337948	2313232219
2018-04-14 05:20:00	2018-04-14 06:20:00	1.5149197862134152	91016	9629412163	2301324478
2018-04-14 05:30:00	2018-04-14 06:30:00	1.4319526304074375	91425	6515024812	2356120606
2018-04-14 05:40:00	2018-04-14 06:40:00	1.293231044575001	92765	2537872594	2539662895
2018-04-14 05:50:00	2018-04-14 06:50:00	0.9269402086676279	132493	3904171867	2542238778
2018-04-14 06:00:00	2018-04-14 07:00:00	0.9101132548445412	133862	5867265243	2561023892
2018-04-14 06:10:00	2018-04-14 07:10:00	0.9072189122764576	132302	10511788642	2552760088
2018-04-14 06:20:00	2018-04-14 07:20:00	0.9385948956622249	131496	12390470920	2423376652
2018-04-14 06:30:00	2018-04-14 07:30:00	0.945530372552787	130097	13620715945	2418315106
2018-04-14 06:40:00	2018-04-14 07:40:00	0.9213569313929632	129185	13542800436	2268857266
2018-04-14 06:50:00	2018-04-14 07:50:00	1.3317531337404642	91371	9737910417	2455094494
2018-04-14 07:00:00	2018-04-14 08:00:00	1.3740301317559422	91290	7774900465	2491942001
2018-04-14 07:10:00	2018-04-14 08:10:00	1.3690146242138534	91427	4041018760	2497038589
2018-04-14 07:20:00	2018-04-14 08:20:00	1.3508527942045605	90692	3604932455	2490776769
2018-04-14 07:30:00	2018-04-14 08:30:00	1.3249100844206276	90132	2374142104	2455679765
2018-04-14 07:40:00	2018-04-14 08:40:00	1.2614169542550566	88906	2373608919	2455458658
2018-04-14 07:50:00	2018-04-14 08:50:00	1.284378955311549	83422	2372587548	2275962426
2018-04-14 08:00:00	2018-04-14 09:00:00	1.206773361797808	82723	2372364187	2228206224
2018-04-14 08:10:00	2018-04-14 09:10:00	1.1423223519889676	82656	1460399236	2303870199
2018-04-14 08:20:00	2018-04-14 09:20:00	1.2688603376682195	83893	17409082	2475897607
2018-04-14 08:30:00	2018-04-14 09:30:00	1.259383831875803	83932	16789013	2609689386
2018-04-14 08:40:00	2018-04-14 09:40:00	1.319281601513721	83767	16510257	2648513021
2018-04-14 08:50:00	2018-04-14 09:50:00	1.2441377725394565	83254	16361143	2618687468
2018-04-14 09:00:00	2018-04-14 10:00:00	1.2228875265534505	81496	2014310234	2605062602
2018-04-14 09:10:00	2018-04-14 10:10:00	1.2963324646416825	80264	2344691505	2532788311
2018-04-14 09:20:00	2018-04-14 10:20:00	1.064394456815376	80179	2344717480	2384041505
2018-04-14 09:30:00	2018-04-14 10:30:00	1.2178399406029898	80930	2345183407	2269248853
2018-04-14 09:40:00	2018-04-14 10:40:00	1.1718042277508929	82037	2577088712	2375840659
2018-04-14 09:50:00	2018-04-14 10:50:00	1.119594622688686	81988	5993247818	2408541620
2018-04-14 10:00:00	2018-04-14 11:00:00	1.2711873193283392	82899	5490774453	2514902658
2018-04-14 10:10:00	2018-04-14 11:10:00	1.172126692106979	84315	5839402202	2531105724
2018-04-14 10:20:00	2018-04-14 11:20:00	1.2383446391151378	82996	8325683836	2522808232
2018-04-14 10:30:00	2018-04-14 11:30:00	1.2472315416615813	81946	13651725563	2528355230
2018-04-14 10:40:00	2018-04-14 11:40:00	1.258797816095373	80694	19766752231	2491837114
2018-04-14 10:50:00	2018-04-14 11:50:00	1.2423531923877245	84101	18608927842	2475778010
2018-04-14 11:00:00	2018-04-14 12:00:00	1.0957252775515987	84741	18405918364	2523285277
2018-04-14 11:10:00	2018-04-14 12:10:00	1.1152394279050648	85110	20589605604	2530344131
2018-04-14 11:20:00	2018-04-14 12:20:00	1.320130642139041	86637	25014116116	2641984503
2018-04-14 11:30:00	2018-04-14 12:30:00	1.114782696843401	87816	23088669330	2758747469
2018-04-14 11:40:00	2018-04-14 12:40:00	1.3491158833323966	88945	16742535434	2696220010
2018-04-14 11:50:00	2018-04-14 12:50:00	0.9842744652327831	123162	14492217620	2715132163
2018-04-14 12:00:00	2018-04-14 13:00:00	0.976457606591854	123152	13755842173	2568523373
2018-04-14 12:10:00	2018-04-14 13:10:00	1.0805441413555341	121679	10893357899	2562494192
2018-04-14 12:20:00	2018-04-14 13:20:00	1.083178435773868	119523	3982219026	2448053894
2018-04-14 12:30:00	2018-04-14 13:30:00	1.157483355766324	119036	581191285	2344070746
2018-04-14 12:40:00	2018-04-14 13:40:00	1.018820712975987	118018	580361201	2305570548
2018-04-14 12:50:00	2018-04-14 13:50:00	1.5363534917436774	85268	572238981	2358539084
2018-04-14 13:00:00	2018-04-14 14:00:00	1.5386078887281374	85709	15337376	2751067237
2018-04-14 13:10:00	2018-04-14 14:10:00	1.3931950705288183	85738	14778839	2769186742
2018-04-14 13:20:00	2018-04-14 14:20:00	1.1714318996666007	86083	14784491	2799432444
2018-04-14 13:30:00	2018-04-14 14:30:00	1.0958824575316477	85393	14843841	2845356169
2018-04-14 13:40:00	2018-04-14 14:40:00	1.0063460059019158	85396	14917373	2862667353
2018-04-14 13:50:00	2018-04-14 14:50:00	0.8583344400069709	80326	13983915	2778593670
2018-04-14 14:00:00	2018-04-14 15:00:00	0.8362257199258311	79279	13622445	2398725729
2018-04-14 14:10:00	2018-04-14 15:10:00	0.7984226249765705	80027	13518304	2448071528
2018-04-14 14:20:00	2018-04-14 15:20:00	0.7798133686917518	80688	13389153	2556049814
2018-04-14 14:30:00	2018-04-14 15:30:00	0.7536553496721831	80075	13045292	2489407734
2018-04-14 14:40:00	2018-04-14 15:40:00	0.7739759308097588	80098	13308425	2460648906
2018-04-14 14:50:00	2018-04-14 15:50:00	0.8219043704048568	80547	13949077	2555763544
2018-04-14 15:00:00	2018-04-14 16:00:00	0.8295143304689263	79714	14122925	2569034725
2018-04-14 15:10:00	2018-04-14 16:10:00	0.8334508851240605	79921	14336007	2504477822
2018-04-14 15:20:00	2018-04-14 16:20:00	0.8886199375195138	80073	3344483909	2476590992
2018-04-14 15:30:00	2018-04-14 16:30:00	0.8994756418894545	80383	3368329804	4893110449
2018-04-14 15:40:00	2018-04-14 16:40:00	1.8717227979530622	79338	3395016039	7586335623
2018-04-14 15:50:00	2018-04-14 16:50:00	2.2180841231114274	78035	3401375242	9794127023
2018-04-14 16:00:00	2018-04-14 17:00:00	2.2938190147595683	76425	3461656448	15144523844
2018-04-14 16:10:00	2018-04-14 17:10:00	2.4179888220413708	74832	3463387183	16935717658
2018-04-14 16:20:00	2018-04-14 17:20:00	2.8934984488604467	73143	155115722	21861972240
2018-04-14 16:30:00	2018-04-14 17:30:00	2.9672997277061155	71948	211969412	20495185173
2018-04-14 16:40:00	2018-04-14 17:40:00	1.9077976984129188	71767	191869244	23044882540
2018-04-14 16:50:00	2018-04-14 17:50:00	1.4730918503031045	74397	282986366	27979718718
2018-04-14 17:00:00	2018-04-14 18:00:00	1.4069875786863282	74600	1670131931	22629368859
2018-04-14 17:10:00	2018-04-14 18:10:00	1.3240177389306114	75501	1704776359	25811790030
2018-04-14 17:20:00	2018-04-14 18:20:00	1.358368108965646	75767	1706148898	21053948677
2018-04-14 17:30:00	2018-04-14 18:30:00	1.3418785594494884	78327	1631703242	20110742629
2018-04-14 17:40:00	2018-04-14 18:40:00	1.3954009471422057	78872	1674784494	30265583261
2018-04-14 17:50:00	2018-04-14 18:50:00	1.3093445026370825	114331	170768851307	146576373619
2018-04-14 18:00:00	2018-04-14 19:00:00	1.371235353154896	116977	172598046022	151216509731
2018-04-14 18:10:00	2018-04-14 19:10:00	1.3822300816139406	115593	172624615947	151246263687
2018-04-14 18:20:00	2018-04-14 19:20:00	1.0649289456086266	117059	172627439739	152658319588
2018-04-14 18:30:00	2018-04-14 19:30:00	1.0275824391774973	116133	172621247328	152556006956
2018-04-14 18:40:00	2018-04-14 19:40:00	0.9648394018413293	117198	172571681218	137156034419
2018-04-14 18:50:00	2018-04-14 19:50:00	0.9394816996409717	84116	3380619019	13700193792
2018-04-14 19:00:00	2018-04-14 20:00:00	0.8763294308322722	83218	103973769	9005070318
2018-04-14 19:10:00	2018-04-14 20:10:00	0.8816257638600771	84361	41059992	3969976969
2018-04-14 19:20:00	2018-04-14 20:20:00	0.9118409537694581	85052	15441982	2275650307
2018-04-14 19:30:00	2018-04-14 20:30:00	1.0106164038619168	85398	15753463	2281601605
2018-04-14 19:40:00	2018-04-14 20:40:00	1.031201970272521	86452	15922476	2362978278
2018-04-14 19:50:00	2018-04-14 20:50:00	1.0084763356588418	85286	15256258	2354908867
2018-04-14 20:00:00	2018-04-14 21:00:00	1.0383728766462508	86864	493156847	2411882174
2018-04-14 20:10:00	2018-04-14 21:10:00	1.0732404645621523	89015	494991248	2793710963
2018-04-14 20:20:00	2018-04-14 21:20:00	1.0365930131232413	89231	494895185	2819785384
2018-04-14 20:30:00	2018-04-14 21:30:00	0.9884720933528831	90024	494850827	3041629531
2018-04-14 20:40:00	2018-04-14 21:40:00	0.9942924338298753	89217	494641097	2963013286
2018-04-14 20:50:00	2018-04-14 21:50:00	1.0189102163202906	86996	494766770	2900787550
2018-04-14 21:00:00	2018-04-14 22:00:00	1.0086418739429515	86207	16985449	2847148598
2018-04-14 21:10:00	2018-04-14 22:10:00	1.0411664125349016	84165	15614331	2493941128
2018-04-14 21:20:00	2018-04-14 22:20:00	1.0676046613689139	83117	16024402	2479689446
2018-04-14 21:30:00	2018-04-14 22:30:00	1.0502657391183308	82616	15994584	2260017912
2018-04-14 21:40:00	2018-04-14 22:40:00	1.0218561954105545	82145	15656887	2272958187
2018-04-14 21:50:00	2018-04-14 22:50:00	1.0754715908276344	82029	15200527	2378786078
2018-04-14 22:00:00	2018-04-14 23:00:00	1.0090484641920228	81574	14667475	2384624220
2018-04-14 22:10:00	2018-04-14 23:10:00	0.896048550215554	83042	14344934	2412474653
2018-04-14 22:20:00	2018-04-14 23:20:00	0.8650763647351921	83891	13871758	2391030152
2018-04-14 22:30:00	2018-04-14 23:30:00	0.8517468314029538	84094	13610853	2570240227
2018-04-14 22:40:00	2018-04-14 23:40:00	0.8652555241147993	84077	13530988	2509342714
2018-04-14 22:50:00	2018-04-14 23:50:00	0.7484001430000239	86986	507343583	2400900320
2018-04-14 23:00:00	2018-04-15 00:00:00	0.7690511605387581	88203	507553919	2542210930
2018-04-14 23:10:00	2018-04-15 00:10:00	0.770390162281497	88328	507234991	2491555149
2018-04-14 23:20:00	2018-04-15 00:20:00	0.8303965491301062	87482	507065459	2523831780
2018-04-14 23:30:00	2018-04-15 00:30:00	0.821161317131603	86822	1715527191	2320949041
2018-04-14 23:40:00	2018-04-15 00:40:00	0.8318634825729577	87106	1716108083	2397806102
2018-04-14 23:50:00	2018-04-15 00:50:00	0.6044614556907545	130097	1781861033	2496051811
2018-04-15 00:00:00	2018-04-15 01:00:00	0.6188572653794688	130775	1782463400	2608802521
2018-04-15 00:10:00	2018-04-15 01:10:00	0.6224047302967135	129991	1783203147	2602932965
2018-04-15 00:20:00	2018-04-15 01:20:00	0.5529482737784353	129813	1783251505	2582691457
2018-04-15 00:30:00	2018-04-15 01:30:00	0.5177247405222531	129171	574722926	2585405983
2018-04-15 00:40:00	2018-04-15 01:40:00	0.4750999136341354	128523	771901210	2559221265
2018-04-15 00:50:00	2018-04-15 01:50:00	0.6247002086573299	86678	213318492	2430183964
2018-04-15 01:00:00	2018-04-15 02:00:00	0.5613802597990248	85085	213104509	2181829523
2018-04-15 01:10:00	2018-04-15 02:10:00	0.5448690731231078	85527	212600140	2281803607
2018-04-15 01:20:00	2018-04-15 02:20:00	0.5590942293900925	85226	583250545	2272879677
2018-04-15 01:30:00	2018-04-15 02:30:00	0.5793387514500189	86723	583676929	2288443707
2018-04-15 01:40:00	2018-04-15 02:40:00	0.5895001949834145	88028	386381149	2601792504
2018-04-15 01:50:00	2018-04-15 02:50:00	1.3723457264448737	85544	386309744	2801302782
2018-04-15 02:00:00	2018-04-15 03:00:00	1.359489421698537	84826	386066151	2778813005
2018-04-15 02:10:00	2018-04-15 03:10:00	1.361221100804076	84818	386483532	2688958166
2018-04-15 02:20:00	2018-04-15 03:20:00	1.3543832860044094	86663	16170094	2666676462
2018-04-15 02:30:00	2018-04-15 03:30:00	1.3716695763994646	86676	15981016	2757787196
2018-04-15 02:40:00	2018-04-15 03:40:00	1.3736860594110964	86398	15747285	2495452803
2018-04-15 02:50:00	2018-04-15 03:50:00	0.7718354741798229	86018	15818058	2339646949
2018-04-15 03:00:00	2018-04-15 04:00:00	0.8999641628768812	87428	16389309	2398712375
2018-04-15 03:10:00	2018-04-15 04:10:00	0.9165418894711262	86448	2816358586	2381550245
2018-04-15 03:20:00	2018-04-15 04:20:00	0.9213813347453647	85220	5445209372	2418813300
2018-04-15 03:30:00	2018-04-15 04:30:00	0.957080253979156	84440	5445484340	2330590318
2018-04-15 03:40:00	2018-04-15 04:40:00	0.9886046517628871	84095	5446297193	2303703049
2018-04-15 03:50:00	2018-04-15 04:50:00	0.8827205284714678	82890	5447071132	2290338389
2018-04-15 04:00:00	2018-04-15 05:00:00	0.8064928645559131	82056	6569664926	2239837524
2018-04-15 04:10:00	2018-04-15 05:10:00	0.8583241126717857	82443	6624152876	2255885486
2018-04-15 04:20:00	2018-04-15 05:20:00	0.9192250722907597	82680	5822061269	2275502669
2018-04-15 04:30:00	2018-04-15 05:30:00	0.9664054070340261	83025	5822307362	2268925525
2018-04-15 04:40:00	2018-04-15 05:40:00	1.0209199823948758	83044	5822424229	2242598144
2018-04-15 04:50:00	2018-04-15 05:50:00	1.017694658849966	86780	11299968379	2246570001
2018-04-15 05:00:00	2018-04-15 06:00:00	1.0495787119691298	87074	16987830640	2244538409
2018-04-15 05:10:00	2018-04-15 06:10:00	1.0367746778741869	88512	18273265283	2265915020
2018-04-15 05:20:00	2018-04-15 06:20:00	1.0703891860525518	88561	16446863034	2236518638
2018-04-15 05:30:00	2018-04-15 06:30:00	1.0615252341614148	89323	16447436581	2249424642
2018-04-15 05:40:00	2018-04-15 06:40:00	1.0787840732873077	90384	16447673734	2286582116
2018-04-15 05:50:00	2018-04-15 06:50:00	0.7888188767591638	133373	10980377725	2363349536
2018-04-15 06:00:00	2018-04-15 07:00:00	0.8480288810979	134985	4170348289	2464472807
2018-04-15 06:10:00	2018-04-15 07:10:00	0.8633505931702861	133417	4551510665	2334534817
2018-04-15 06:20:00	2018-04-15 07:20:00	0.8481782871894887	132282	6144583855	2292374954
2018-04-15 06:30:00	2018-04-15 07:30:00	0.8424120412497462	133019	13621420970	2338994731
2018-04-15 06:40:00	2018-04-15 07:40:00	0.8111990361324783	131433	13620411498	2214457083
2018-04-15 06:50:00	2018-04-15 07:50:00	1.116855999280734	90370	13609938529	2120902509
2018-04-15 07:00:00	2018-04-15 08:00:00	1.0351345977595272	89981	13609281186	2080867865
2018-04-15 07:10:00	2018-04-15 08:10:00	1.011678527085681	89623	9087842882	2145366931
2018-04-15 07:20:00	2018-04-15 08:20:00	0.9922156204328085	90756	7494821856	2602370206
2018-04-15 07:30:00	2018-04-15 08:30:00	0.9617734577575364	89152	16978977	2522798951
2018-04-15 07:40:00	2018-04-15 08:40:00	0.9839145817341263	90201	17502353	2620955286
2018-04-15 07:50:00	2018-04-15 08:50:00	1.0178897719093989	85032	16547993	2589101388
2018-04-15 08:00:00	2018-04-15 09:00:00	1.0297319062932562	83804	16502558	2533332559
2018-04-15 08:10:00	2018-04-15 09:10:00	1.0461605617104444	84937	16695589	2620838792
2018-04-15 08:20:00	2018-04-15 09:20:00	1.0623401221716258	84987	16551242	2137444052
2018-04-15 08:30:00	2018-04-15 09:30:00	1.1351395473574828	85657	16999632	2149196461
2018-04-15 08:40:00	2018-04-15 09:40:00	1.140514285214802	86661	16991562	2119179532
2018-04-15 08:50:00	2018-04-15 09:50:00	1.1299760328270954	87245	17469385	2189487159
2018-04-15 09:00:00	2018-04-15 10:00:00	1.1039140237705	88471	17932438	2299553605
2018-04-15 09:10:00	2018-04-15 10:10:00	1.0990470430684116	88580	18284450	2264255619
2018-04-15 09:20:00	2018-04-15 10:20:00	1.0574043347011393	89925	18302584	2407586381
2018-04-15 09:30:00	2018-04-15 10:30:00	1.005369948065434	89555	18226084	2363343364
2018-04-15 09:40:00	2018-04-15 10:40:00	1.0085547925028264	87553	18103123	2312307879
2018-04-15 09:50:00	2018-04-15 10:50:00	2.639625991248698	85473	31785451	2188746149
2018-04-15 10:00:00	2018-04-15 11:00:00	2.71636871004839	82869	31546850	2030491999
2018-04-15 10:10:00	2018-04-15 11:10:00	2.7184483432233284	82238	31550784	2047420438
2018-04-15 10:20:00	2018-04-15 11:20:00	2.7254864144636644	81404	502429962	1903656267
2018-04-15 10:30:00	2018-04-15 11:30:00	2.7284308370339407	81293	502331506	3787693047
2018-04-15 10:40:00	2018-04-15 11:40:00	2.6628904451844093	82887	502221690	3854158684
2018-04-15 10:50:00	2018-04-15 11:50:00	0.9528548528797537	87629	489370680	3927493970
2018-04-15 11:00:00	2018-04-15 12:00:00	0.9220372108272328	89201	489436799	3965820501
2018-04-15 11:10:00	2018-04-15 12:10:00	0.9335372767109482	93267	489988490	3992531024
2018-04-15 11:20:00	2018-04-15 12:20:00	0.955081571607987	94752	19435579	4095692754
2018-04-15 11:30:00	2018-04-15 12:30:00	0.9693963065053638	95721	19708121	2215561995
2018-04-15 11:40:00	2018-04-15 12:40:00	0.9753337575232998	94739	19746718	2232498282
2018-04-15 11:50:00	2018-04-15 12:50:00	0.7033901351684134	137251	460477279	6797056260
2018-04-15 12:00:00	2018-04-15 13:00:00	0.7175905118289678	138220	460763389	6785919105
2018-04-15 12:10:00	2018-04-15 13:10:00	0.7186533383913773	133978	460062107	6723807981
2018-04-15 12:20:00	2018-04-15 13:20:00	0.7128992373740048	132049	459482759	6680208398
2018-04-15 12:30:00	2018-04-15 13:30:00	0.7101855321013378	131007	459140939	6681254667
2018-04-15 12:40:00	2018-04-15 13:40:00	0.7220668233884726	130637	470042132	6650348736
2018-04-15 12:50:00	2018-04-15 13:50:00	1.0202692943161054	89217	28975301	2093225763
2018-04-15 13:00:00	2018-04-15 14:00:00	1.022741428589057	89139	28801321	2127339052
2018-04-15 13:10:00	2018-04-15 14:10:00	1.0152127045429091	89282	28869492	2110668211
2018-04-15 13:20:00	2018-04-15 14:20:00	1.0139817042316355	89658	1606994031	2111312367
2018-04-15 13:30:00	2018-04-15 14:30:00	1.0249533422799322	89643	5010359185	2115457918
2018-04-15 13:40:00	2018-04-15 14:40:00	0.9431094892012492	89640	4999023049	2138996023
2018-04-15 13:50:00	2018-04-15 14:50:00	0.9129806701016399	85105	4998130909	2123598850
2018-04-15 14:00:00	2018-04-15 15:00:00	0.8456990340950746	84587	4997914943	2446564319
2018-04-15 14:10:00	2018-04-15 15:10:00	0.786924041972182	86057	4998071935	2612696670
2018-04-15 14:20:00	2018-04-15 15:20:00	0.7303440437818436	86360	3420060712	2657408477
2018-04-15 14:30:00	2018-04-15 15:30:00	0.6672362554304525	86595	16693575	2700203815
2018-04-15 14:40:00	2018-04-15 15:40:00	0.7220651891619299	87248	16871081	2744287400
2018-04-15 14:50:00	2018-04-15 15:50:00	0.7663156082399419	86821	17049476	2718278547
2018-04-15 15:00:00	2018-04-15 16:00:00	0.7886491059513441	86115	16833937	2497325601
2018-04-15 15:10:00	2018-04-15 16:10:00	0.8157680037910197	84410	16477920	2337254713
2018-04-15 15:20:00	2018-04-15 16:20:00	0.8476695813374506	83547	16300843	2295373617
2018-04-15 15:30:00	2018-04-15 16:30:00	0.856356201505431	82767	30577299	4664085339
2018-04-15 15:40:00	2018-04-15 16:40:00	1.8012169200747388	81351	81734964	9565465712
2018-04-15 15:50:00	2018-04-15 16:50:00	1.8127476255080692	81190	91019152	14664092579
2018-04-15 16:00:00	2018-04-15 17:00:00	1.9000515937959925	80174	146159205	14880078650
2018-04-15 16:10:00	2018-04-15 17:10:00	1.9693806586101208	80928	149033701	16746266001
2018-04-15 16:20:00	2018-04-15 17:20:00	2.0720090717631625	79414	228571984	21701127658
2018-04-15 16:30:00	2018-04-15 17:30:00	2.1880080269978257	79599	254443930	20416196587
2018-04-15 16:40:00	2018-04-15 17:40:00	1.3141441947012404	79830	247656698	20650084936
2018-04-15 16:50:00	2018-04-15 17:50:00	1.2909601957846353	82223	344942271	22834759588
2018-04-15 17:00:00	2018-04-15 18:00:00	1.367939949174248	82773	386209591	27535843372
2018-04-15 17:10:00	2018-04-15 18:10:00	1.4250986356345299	83290	401086587	26064779741
2018-04-15 17:20:00	2018-04-15 18:20:00	1.5406993202438501	83986	332583851	21102988880
2018-04-15 17:30:00	2018-04-15 18:30:00	1.6617068096101548	82725	300908399	19970636387
2018-04-15 17:40:00	2018-04-15 18:40:00	1.8154963104599195	80297	709121096	29888085022
2018-04-15 17:50:00	2018-04-15 18:50:00	1.376614952204565	117166	40912282273	56916246547
2018-04-15 18:00:00	2018-04-15 19:00:00	1.3757274502915917	116087	40822963427	52297783695
2018-04-15 18:10:00	2018-04-15 19:10:00	1.4079094512128325	111351	40886609094	57857565934
2018-04-15 18:20:00	2018-04-15 19:20:00	1.3437203733545606	109925	40881992565	58475115996
2018-04-15 18:30:00	2018-04-15 19:30:00	1.2444618268205558	109170	40873484474	58511816355
2018-04-15 18:40:00	2018-04-15 19:40:00	1.1439323823436178	110419	40421250497	43382256524
2018-04-15 18:50:00	2018-04-15 19:50:00	1.6114223192650705	74565	112327164	9150442428
2018-04-15 19:00:00	2018-04-15 20:00:00	1.640403131276638	73905	105446841	8723955701
2018-04-15 19:10:00	2018-04-15 20:10:00	1.5867152760029266	75155	24068439	2763964697
2018-04-15 19:20:00	2018-04-15 20:20:00	1.602119882079689	74915	18036538	2159686733
2018-04-15 19:30:00	2018-04-15 20:30:00	1.6405486979986426	75099	18326070	2191349556
2018-04-15 19:40:00	2018-04-15 20:40:00	1.6576968303265776	73612	18066895	2142267119
2018-04-15 19:50:00	2018-04-15 20:50:00	1.6596660806612347	68236	17217517	2089555074
2018-04-15 20:00:00	2018-04-15 21:00:00	1.5558748141496033	67592	17036514	2110188569
2018-04-15 20:10:00	2018-04-15 21:10:00	1.5300270582663644	67569	17222290	2148229253
2018-04-15 20:20:00	2018-04-15 21:20:00	1.47399760982339	67777	16959714	2184577716
2018-04-15 20:30:00	2018-04-15 21:30:00	1.4443974116311369	66941	1139864526	2181300930
2018-04-15 20:40:00	2018-04-15 21:40:00	1.4117209203158743	68508	3740888048	2293573393
2018-04-15 20:50:00	2018-04-15 21:50:00	1.4742242516460333	69713	6045744991	2331044108
2018-04-15 21:00:00	2018-04-15 22:00:00	1.518255166230122	69867	6253553818	2385093524
2018-04-15 21:10:00	2018-04-15 22:10:00	1.4612235780019531	69588	7148188302	2389851901
2018-04-15 21:20:00	2018-04-15 22:20:00	1.4543730103626205	69770	7148157731	2348286649
2018-04-15 21:30:00	2018-04-15 22:30:00	1.4381543534143444	69867	6025183755	2347891801
2018-04-15 21:40:00	2018-04-15 22:40:00	1.4133505493852723	70031	3424454073	2335943043
2018-04-15 21:50:00	2018-04-15 22:50:00	1.3217472302456692	68466	1119342002	2311790906
2018-04-15 22:00:00	2018-04-15 23:00:00	1.2592312682537572	67671	911576117	2248647323
2018-04-15 22:10:00	2018-04-15 23:10:00	1.2695597647460448	67374	16938949	2222926333
2018-04-15 22:20:00	2018-04-15 23:20:00	1.4912452024993805	68657	337351954	2221006992
2018-04-15 22:30:00	2018-04-15 23:30:00	1.6241560499754804	69334	2675153479	2200705076
2018-04-15 22:40:00	2018-04-15 23:40:00	1.756431710243808	71819	2677539112	2172686812
2018-04-15 22:50:00	2018-04-15 23:50:00	1.7861860940865033	78194	2679586340	2259188709
2018-04-15 23:00:00	2018-04-16 00:00:00	2.0051389086711966	80358	2681671345	2260114225
2018-04-15 23:10:00	2018-04-16 00:10:00	2.0409780108133693	82398	2682470472	2555235273
2018-04-15 23:20:00	2018-04-16 00:20:00	1.8938177899040483	81082	2362099097	2572851539
2018-04-15 23:30:00	2018-04-16 00:30:00	1.8032307718757772	80500	24598997	2580869335
2018-04-15 23:40:00	2018-04-16 00:40:00	1.6951214212926795	79370	22611838	2593421470
2018-04-15 23:50:00	2018-04-16 00:50:00	1.1047793524577414	122165	32778836	2515052966
2018-04-16 00:00:00	2018-04-16 01:00:00	0.9814766538971903	121331	31055259	2533358727
2018-04-16 00:10:00	2018-04-16 01:10:00	0.9830141273123691	119250	30152652	2208691064
2018-04-16 00:20:00	2018-04-16 01:20:00	1.0158501648626708	118256	29950784	2194461211
2018-04-16 00:30:00	2018-04-16 01:30:00	0.9990887901237703	118203	29630492	2191995767
2018-04-16 00:40:00	2018-04-16 01:40:00	0.9679110093841795	115407	28735920	2168176794
2018-04-16 00:50:00	2018-04-16 01:50:00	1.4484199428090108	71235	17141078	2297503298
2018-04-16 01:00:00	2018-04-16 02:00:00	1.4336683969443142	71277	16883052	2335014294
2018-04-16 01:10:00	2018-04-16 02:10:00	1.5713404974336787	71698	17274546	2362322093
2018-04-16 01:20:00	2018-04-16 02:20:00	1.5067030653831266	72404	17632533	2334795779
2018-04-16 01:30:00	2018-04-16 02:30:00	1.5534793325764298	73105	17814402	2435541149
2018-04-16 01:40:00	2018-04-16 02:40:00	1.5889729160226338	74401	18401309	2471225947
2018-04-16 01:50:00	2018-04-16 02:50:00	1.6498765690220591	71354	18409825	2357093336
2018-04-16 02:00:00	2018-04-16 03:00:00	1.6324726362964759	70387	18180548	2339211834
2018-04-16 02:10:00	2018-04-16 03:10:00	1.4432996238696458	69779	17705624	2354075007
2018-04-16 02:20:00	2018-04-16 03:20:00	1.406840145393616	71021	17744638	2405059237
2018-04-16 02:30:00	2018-04-16 03:30:00	1.3548078651595592	70068	17320720	2284617267
2018-04-16 02:40:00	2018-04-16 03:40:00	1.3487695613409618	69562	17008119	2255880713
2018-04-16 02:50:00	2018-04-16 03:50:00	1.3866361398434541	68734	16783039	2245944121
2018-04-16 03:00:00	2018-04-16 04:00:00	1.4283765671770783	69421	17239384	2201667610
2018-04-16 03:10:00	2018-04-16 04:10:00	1.430734422645053	70267	17495313	2534864553
2018-04-16 03:20:00	2018-04-16 04:20:00	1.43385560118138	68056	17271638	2993859621
2018-04-16 03:30:00	2018-04-16 04:30:00	1.414207175612864	69061	19606583	3132469183
2018-04-16 03:40:00	2018-04-16 04:40:00	1.3934680556306467	70285	19946748	3214011980
2018-04-16 03:50:00	2018-04-16 04:50:00	1.3101366368766831	70169	19869506	3300016614
2018-04-16 04:00:00	2018-04-16 05:00:00	1.2364044516976498	70038	21089007	3319411379
2018-04-16 04:10:00	2018-04-16 05:10:00	1.201307007333411	69272	21193556	3006493329
2018-04-16 04:20:00	2018-04-16 05:20:00	1.1973053997757148	69554	21282474	2550348038
2018-04-16 04:30:00	2018-04-16 05:30:00	1.2179039624563957	68800	19007497	2511447808
2018-04-16 04:40:00	2018-04-16 05:40:00	1.2044143236805447	66751	18451176	2405491875
2018-04-16 04:50:00	2018-04-16 05:50:00	1.1657020325812726	69365	18863626	2406254656
2018-04-16 05:00:00	2018-04-16 06:00:00	1.1960803489998282	69788	17974077	2336991748
2018-04-16 05:10:00	2018-04-16 06:10:00	1.179800772354705	72714	18441103	2449002231
2018-04-16 05:20:00	2018-04-16 06:20:00	1.1844665686773983	74981	18753609	2458572257
2018-04-16 05:30:00	2018-04-16 06:30:00	1.163487948539014	75805	19182471	2487924847
2018-04-16 05:40:00	2018-04-16 06:40:00	1.1716319699667153	77514	19932185	2562704157
2018-04-16 05:50:00	2018-04-16 06:50:00	0.8194739839795664	119410	30396563	2457267517
2018-04-16 06:00:00	2018-04-16 07:00:00	0.8277065467019885	119663	30068524	2524417195
2018-04-16 06:10:00	2018-04-16 07:10:00	0.843496241263371	116292	29345969	2375862307
2018-04-16 06:20:00	2018-04-16 07:20:00	0.8421794579065978	114923	28952493	2335208214
2018-04-16 06:30:00	2018-04-16 07:30:00	0.8294722124143732	114013	28292530	2220776545
2018-04-16 06:40:00	2018-04-16 07:40:00	0.8217335375155495	112540	27706856	2164329694
2018-04-16 06:50:00	2018-04-16 07:50:00	1.232800271368389	71449	17678236	2154612132
2018-04-16 07:00:00	2018-04-16 08:00:00	1.2048511011961485	70309	17400913	2134082748
2018-04-16 07:10:00	2018-04-16 08:10:00	1.1427091741309596	71228	17273810	2175301020
2018-04-16 07:20:00	2018-04-16 08:20:00	1.1499793913830603	71255	17443267	2157437409
2018-04-16 07:30:00	2018-04-16 08:30:00	1.1486518680007718	72508	18008591	2281224612
2018-04-16 07:40:00	2018-04-16 08:40:00	1.1636913544713317	76655	19484710	2408685511
2018-04-16 07:50:00	2018-04-16 08:50:00	1.1776550993711883	73472	21104836	2442640514
2018-04-16 08:00:00	2018-04-16 09:00:00	1.1584078836191807	74282	21107524	2473661169
2018-04-16 08:10:00	2018-04-16 09:10:00	1.1694636554471545	73800	21115298	2657796133
2018-04-16 08:20:00	2018-04-16 09:20:00	1.1225349927642674	73524	20827469	2678920782
2018-04-16 08:30:00	2018-04-16 09:30:00	1.1378905720191914	72321	20764150	2535161527
2018-04-16 08:40:00	2018-04-16 09:40:00	1.1128122659325415	69198	19735226	2392135508
2018-04-16 08:50:00	2018-04-16 09:50:00	1.1703453627400477	69882	17091817	2409845859
2018-04-16 09:00:00	2018-04-16 10:00:00	1.2444121494418943	70596	17328836	2489756001
2018-04-16 09:10:00	2018-04-16 10:10:00	1.2850027063170733	72122	17488825	2461773770
2018-04-16 09:20:00	2018-04-16 10:20:00	1.3165484545817057	72724	17555326	2868128490
2018-04-16 09:30:00	2018-04-16 10:30:00	1.2894293787776943	72895	17880942	3134219797
2018-04-16 09:40:00	2018-04-16 10:40:00	1.2758190813525738	73667	18342921	3333577470
2018-04-16 09:50:00	2018-04-16 10:50:00	1.224062807964689	71591	18269155	3175541908
2018-04-16 10:00:00	2018-04-16 11:00:00	1.188669901274851	69263	18068785	3057184147
2018-04-16 10:10:00	2018-04-16 11:10:00	1.1456494078066164	69582	18059048	2975270839
2018-04-16 10:20:00	2018-04-16 11:20:00	1.1805996483695265	70685	18494110	2699027813
2018-04-16 10:30:00	2018-04-16 11:30:00	1.301788804767009	71827	18930368	2477916047
2018-04-16 10:40:00	2018-04-16 11:40:00	1.3677599458283514	71938	19037458	2309760485
2018-04-16 10:50:00	2018-04-16 11:50:00	1.4083183346862105	76134	19842121	2411781752
2018-04-16 11:00:00	2018-04-16 12:00:00	1.4148404192033206	77070	19558063	2452970433
2018-04-16 11:10:00	2018-04-16 12:10:00	1.42523576938949	77542	1997633225	2493251406
2018-04-16 11:20:00	2018-04-16 12:20:00	1.3846459339908834	76141	5208557379	2280960011
2018-04-16 11:30:00	2018-04-16 12:30:00	1.441145871728262	76221	5208491203	2240729102
2018-04-16 11:40:00	2018-04-16 12:40:00	1.4011138592138006	75121	5207999165	2248630228
2018-04-16 11:50:00	2018-04-16 12:50:00	0.8990617840654053	112284	5216695030	2282750792
2018-04-16 12:00:00	2018-04-16 13:00:00	0.9079510086148125	112945	5217224135	2269500598
2018-04-16 12:10:00	2018-04-16 13:10:00	0.960059726404948	111570	3239163781	2233414039
2018-04-16 12:20:00	2018-04-16 13:20:00	1.0501643610690186	112851	28900821	2387016925
2018-04-16 12:30:00	2018-04-16 13:30:00	1.0084368128188108	113115	28958361	2413957823
2018-04-16 12:40:00	2018-04-16 13:40:00	0.9973834878206926	112568	3524968014	2382152432
2018-04-16 12:50:00	2018-04-16 13:50:00	1.4467607468643995	76062	4609186191	2381429910
2018-04-16 13:00:00	2018-04-16 14:00:00	1.4016645036425504	75222	4608710457	2368125193
2018-04-16 13:10:00	2018-04-16 14:10:00	1.2947305939195524	74830	4608357817	2370291043
2018-04-16 13:20:00	2018-04-16 14:20:00	1.1640372619242183	73422	4607482841	2322905258
2018-04-16 13:30:00	2018-04-16 14:30:00	1.0766854973454938	73460	4607846246	2512153643
2018-04-16 13:40:00	2018-04-16 14:40:00	1.051055915830508	74647	1112358220	2582211781
2018-04-16 13:50:00	2018-04-16 14:50:00	1.0602210448085718	70366	19177670	2631834662
2018-04-16 14:00:00	2018-04-16 15:00:00	1.0648255962144666	70743	6782443718	2604532274
2018-04-16 14:10:00	2018-04-16 15:10:00	1.1369870131528754	70783	14643781602	2530443969
2018-04-16 14:20:00	2018-04-16 15:20:00	1.1165182485352594	71173	19770962978	2585744369
2018-04-16 14:30:00	2018-04-16 15:30:00	1.1127771154710453	69420	32676422190	4116779292
2018-04-16 14:40:00	2018-04-16 15:40:00	1.1850914415848322	70367	34010527147	4979173303
2018-04-16 14:50:00	2018-04-16 15:50:00	1.1844191023897954	71345	36990450419	5161876411
2018-04-16 15:00:00	2018-04-16 16:00:00	1.1994509323276994	72127	38599966186	5322602536
2018-04-16 15:10:00	2018-04-16 16:10:00	1.5841896424737552	71729	40632681059	5286285913
2018-04-16 15:20:00	2018-04-16 16:20:00	2.043591374134391	73070	35941308656	5255719434
2018-04-16 15:30:00	2018-04-16 16:30:00	3.1431555192542153	75464	23051971388	5898085140
2018-04-16 15:40:00	2018-04-16 16:40:00	3.2549464038742624	73201	21776429496	7636034714
2018-04-16 15:50:00	2018-04-16 16:50:00	3.711638461936026	71590	19005678172	9701914211
2018-04-16 16:00:00	2018-04-16 17:00:00	3.7560924144578323	70135	10672248056	15063084685
2018-04-16 16:10:00	2018-04-16 17:10:00	3.271718470958088	70140	3193488484	15138733327
2018-04-16 16:20:00	2018-04-16 17:20:00	2.8819793813744323	68261	4266914097	17004031968
2018-04-16 16:30:00	2018-04-16 17:30:00	1.6522648646002027	65458	10630469909	20825348772
2018-04-16 16:40:00	2018-04-16 17:40:00	1.6015836565037835	64647	14475948871	23357799400
2018-04-16 16:50:00	2018-04-16 17:50:00	5.1630397653189615	66780	19938923533	28352521598
2018-04-16 17:00:00	2018-04-16 18:00:00	5.2124391898232805	65640	23197492263	22803434916
2018-04-16 17:10:00	2018-04-16 18:10:00	5.263196344961893	65729	26264241235	28046159281
2018-04-16 17:20:00	2018-04-16 18:20:00	5.3007280403404735	64848	26543275892	26095800662
2018-04-16 17:30:00	2018-04-16 18:30:00	5.294490014609825	65230	25606445347	20295073827
2018-04-16 17:40:00	2018-04-16 18:40:00	5.245541943168517	65879	21739597716	30694386826
2018-04-16 17:50:00	2018-04-16 18:50:00	1.0702532550946378	101970	105447402180	126859819967
2018-04-16 18:00:00	2018-04-16 19:00:00	1.0797844231596965	104086	106519983107	138105753412
2018-04-16 18:10:00	2018-04-16 19:10:00	1.054046855186857	105536	101043923571	138180128151
2018-04-16 18:20:00	2018-04-16 19:20:00	1.0322308554586128	104413	99287434009	139876113257
2018-04-16 18:30:00	2018-04-16 19:30:00	1.0872021003357892	104828	93844288586	139512037057
2018-04-16 18:40:00	2018-04-16 19:40:00	1.064521259622513	105222	93806354108	124374564139
2018-04-16 18:50:00	2018-04-16 19:50:00	1.1409379415862295	72209	4426854551	21249694180
2018-04-16 19:00:00	2018-04-16 20:00:00	1.1195196006694237	72301	56773534	10091624099
2018-04-16 19:10:00	2018-04-16 20:10:00	1.2064316418107355	72015	50959781	4828615224
2018-04-16 19:20:00	2018-04-16 20:20:00	1.166531407644174	73991	18737939	3247101480
2018-04-16 19:30:00	2018-04-16 20:30:00	2.52781050961146	73454	17747842	3275233945
2018-04-16 19:40:00	2018-04-16 20:40:00	2.4949174817207256	73690	17742764	2865220096
2018-04-16 19:50:00	2018-04-16 20:50:00	2.5751395897966707	70526	68690512	2556503652
2018-04-16 20:00:00	2018-04-16 21:00:00	2.6138490693674616	70004	1116085533	2522538389
2018-04-16 20:10:00	2018-04-16 21:10:00	2.5613915703628756	68232	1115840120	2375906376
2018-04-16 20:20:00	2018-04-16 21:20:00	2.5846789128760936	67536	1115882076	2302935637
2018-04-16 20:30:00	2018-04-16 21:30:00	1.0843682407685518	67920	1119147751	2282788514
2018-04-16 20:40:00	2018-04-16 21:40:00	1.076208835733199	67226	1123633100	2215433001
2018-04-16 20:50:00	2018-04-16 21:50:00	1.0623997719183693	65858	1074843506	2321667683
2018-04-16 21:00:00	2018-04-16 22:00:00	1.0036449194821788	65737	26853839	2473185254
2018-04-16 21:10:00	2018-04-16 22:10:00	1.0303137678479786	66254	26925264	4214239432
2018-04-16 21:20:00	2018-04-16 22:20:00	1.0213138207521888	67164	27090503	4209284758
2018-04-16 21:30:00	2018-04-16 22:30:00	1.1714378653165014	68041	25582703	4161485449
2018-04-16 21:40:00	2018-04-16 22:40:00	1.3235817095575302	71033	8056118499	4232685953
2018-04-16 21:50:00	2018-04-16 22:50:00	1.4046604788352428	71912	13679619466	4093628927
2018-04-16 22:00:00	2018-04-16 23:00:00	1.4555445477006415	72368	20047933598	4065803720
2018-04-16 22:10:00	2018-04-16 23:10:00	1.4105605369547458	72237	25525920601	2333854870
2018-04-16 22:20:00	2018-04-16 23:20:00	1.4866642370097456	71111	31087500937	2310206104
2018-04-16 22:30:00	2018-04-16 23:30:00	1.3134598714889643	70492	31402065447	2311709289
2018-04-16 22:40:00	2018-04-16 23:40:00	1.18867433959546	68720	23367036908	2336310385
2018-04-16 22:50:00	2018-04-16 23:50:00	1.1239168864182019	71640	17741230175	2387472257
2018-04-16 23:00:00	2018-04-17 00:00:00	1.2529847140025678	71644	11373365351	2277205411
2018-04-16 23:10:00	2018-04-17 00:10:00	1.2455642438419354	74577	5895853085	2448606870
2018-04-16 23:20:00	2018-04-17 00:20:00	1.2260840071207475	75273	336015208	2674424777
2018-04-16 23:30:00	2018-04-17 00:30:00	1.1783005036637682	74377	19740967	2675431657
2018-04-16 23:40:00	2018-04-17 00:40:00	1.190774251999025	73786	19795221	2590326017
2018-04-16 23:50:00	2018-04-17 00:50:00	0.8024020074446765	112698	29553296	2531408695
2018-04-17 00:00:00	2018-04-17 01:00:00	0.7295912273205776	113043	29884665	2539138705
2018-04-17 00:10:00	2018-04-17 01:10:00	0.7282091979512595	110214	29455774	2429125421
2018-04-17 00:20:00	2018-04-17 01:20:00	0.7154324268928205	109955	1042154729	2300108186
2018-04-17 00:30:00	2018-04-17 01:30:00	0.7091320610333701	111267	1042364240	2345201077
2018-04-17 00:40:00	2018-04-17 01:40:00	0.7177887796638848	112283	1042509697	2462960799
2018-04-17 00:50:00	2018-04-17 01:50:00	1.0773288246406296	73740	1032971631	2483543797
2018-04-17 01:00:00	2018-04-17 02:00:00	1.0446088404004066	72826	1032864705	2438235015
2018-04-17 01:10:00	2018-04-17 02:10:00	1.0568530818872992	72209	1032834815	2390950959
2018-04-17 01:20:00	2018-04-17 02:20:00	1.0943941206557013	72106	18266271	2340723853
2018-04-17 01:30:00	2018-04-17 02:30:00	1.1181995972378973	70888	1965531697	2291702591
2018-04-17 01:40:00	2018-04-17 02:40:00	1.2555314506185788	71535	1966040234	2333276391
2018-04-17 01:50:00	2018-04-17 02:50:00	1.2470222031785023	69215	1965186352	2366855029
2018-04-17 02:00:00	2018-04-17 03:00:00	1.2689775361960245	70726	1965329937	2511788669
2018-04-17 02:10:00	2018-04-17 03:10:00	1.2685906394644435	71477	1965347783	2493713843
2018-04-17 02:20:00	2018-04-17 03:20:00	1.244697746336959	73641	1965787746	2594582864
2018-04-17 02:30:00	2018-04-17 03:30:00	1.2601631762441685	73523	387781489	2623785928
2018-04-17 02:40:00	2018-04-17 03:40:00	1.13256864431398	72221	750286236	2475695161
2018-04-17 02:50:00	2018-04-17 03:50:00	1.160248731519312	71223	2558980851	4148226820
2018-04-17 03:00:00	2018-04-17 04:00:00	1.1537935215714732	70278	3753434761	4071807241
2018-04-17 03:10:00	2018-04-17 04:10:00	1.151090640421758	71036	3754010727	4152443438
2018-04-17 03:20:00	2018-04-17 04:20:00	1.1343474043032997	69621	3753956213	4067854744
2018-04-17 03:30:00	2018-04-17 04:30:00	1.1289990643719008	69782	8124326577	4180050348
2018-04-17 03:40:00	2018-04-17 04:40:00	1.1274451696418284	69464	8688460948	4248268366
2018-04-17 03:50:00	2018-04-17 04:50:00	1.0964067290625827	67654	9377132921	2522975341
2018-04-17 04:00:00	2018-04-17 05:00:00	1.0375810719320469	67105	8185415804	2631328445
2018-04-17 04:10:00	2018-04-17 05:10:00	1.0165054312316577	66106	8187072497	2562508146
2018-04-17 04:20:00	2018-04-17 05:20:00	0.957352851845705	66289	8186814104	2552894989
2018-04-17 04:30:00	2018-04-17 05:30:00	0.9537325976637104	67543	3447172132	2460940041
2018-04-17 04:40:00	2018-04-17 05:40:00	0.9802810033276405	67916	2520005066	2467786531
2018-04-17 04:50:00	2018-04-17 05:50:00	0.9922932182649552	71514	23009372	2447021612
2018-04-17 05:00:00	2018-04-17 06:00:00	1.0797123975633527	71820	20644354	2316372623
2018-04-17 05:10:00	2018-04-17 06:10:00	1.0641764431510925	73968	18638545	2313490353
2018-04-17 05:20:00	2018-04-17 06:20:00	1.1047529612935563	73812	18481955	2356206866
2018-04-17 05:30:00	2018-04-17 06:30:00	1.0422132786726717	72386	18021904	2316629099
2018-04-17 05:40:00	2018-04-17 06:40:00	0.9799771033252702	73167	17886382	2320354409
2018-04-17 05:50:00	2018-04-17 06:50:00	0.6634647144027644	112284	27204825	2452386152
2018-04-17 06:00:00	2018-04-17 07:00:00	0.6269945725580658	113578	26022106	2515789168
2018-04-17 06:10:00	2018-04-17 07:10:00	0.6677447023827676	111509	25961246	2503156642
2018-04-17 06:20:00	2018-04-17 07:20:00	0.6592794979086698	110456	25768285	2448940316
2018-04-17 06:30:00	2018-04-17 07:30:00	0.699292840946034	110736	25917935	2462960994
2018-04-17 06:40:00	2018-04-17 07:40:00	0.6911702298537047	109983	25246666	2557343432
2018-04-17 06:50:00	2018-04-17 07:50:00	1.0096252256434006	73399	16552831	3194131756
2018-04-17 07:00:00	2018-04-17 08:00:00	1.018671534573592	72888	16452057	4620511847
2018-04-17 07:10:00	2018-04-17 08:10:00	0.9554892570774548	72519	16331347	4653069203
2018-04-17 07:20:00	2018-04-17 08:20:00	1.0133260536239284	72449	16546166	4656226679
2018-04-17 07:30:00	2018-04-17 08:30:00	1.010140733248686	72457	16646434	4827194969
2018-04-17 07:40:00	2018-04-17 08:40:00	1.0385836155955632	72931	876254361	6772374820
2018-04-17 07:50:00	2018-04-17 08:50:00	1.0356683946229464	69778	874708793	6100868908
2018-04-17 08:00:00	2018-04-17 09:00:00	1.0597448487945833	69561	874837471	4711826136
2018-04-17 08:10:00	2018-04-17 09:10:00	1.0771512957430063	69885	874402322	4701395003
2018-04-17 08:20:00	2018-04-17 09:20:00	1.0129332222666512	70024	874235800	4661691978
2018-04-17 08:30:00	2018-04-17 09:30:00	0.9645426745700206	69422	873734953	4474217135
2018-04-17 08:40:00	2018-04-17 09:40:00	16.556974529904426	68301	17829307	2350985425
2018-04-17 08:50:00	2018-04-17 09:50:00	16.768427210434403	67565	18842723	2879738972
2018-04-17 09:00:00	2018-04-17 10:00:00	16.37984834494484	69127	20234540	3088355696
2018-04-17 09:10:00	2018-04-17 10:10:00	16.22271173717813	69861	24529595	3234872753
2018-04-17 09:20:00	2018-04-17 10:20:00	16.08557271991522	70750	24856440	3262604220
2018-04-17 09:30:00	2018-04-17 10:30:00	16.09340918791703	70893	24968401	3253816777
2018-04-17 09:40:00	2018-04-17 10:40:00	1.1463730214137853	71496	22156647	3301570096
2018-04-17 09:50:00	2018-04-17 10:50:00	1.2501489063109026	69784	21423255	2759923796
2018-04-17 10:00:00	2018-04-17 11:00:00	2.1215640654267975	85439	96757214	3816139650
2018-04-17 10:10:00	2018-04-17 11:10:00	2.111925701111407	86467	93121012	3707955398
2018-04-17 10:20:00	2018-04-17 11:20:00	2.098001634892851	86843	93115844	3846819961
2018-04-17 10:30:00	2018-04-17 11:30:00	2.1324057654189996	88592	94446767	3862452275
2018-04-17 10:40:00	2018-04-17 11:40:00	2.101547310595163	88295	94564577	3838041415
2018-04-17 10:50:00	2018-04-17 11:50:00	1.9786425132831373	91507	788231298	3767680254
2018-04-17 11:00:00	2018-04-17 12:00:00	2.348091009806165	74239	712128161	2427793969
2018-04-17 11:10:00	2018-04-17 12:10:00	2.4405630274737713	75017	713226213	2444692394
2018-04-17 11:20:00	2018-04-17 12:20:00	2.501072023857406	76077	714038697	2347954814
2018-04-17 11:30:00	2018-04-17 12:30:00	2.5945349062271355	76536	717987621	2459932163
2018-04-17 11:40:00	2018-04-17 12:40:00	2.5832908563828387	76690	717571535	2470599407
2018-04-17 11:50:00	2018-04-17 12:50:00	1.8939229089615668	104022	29876552	2513073439
2018-04-17 12:00:00	2018-04-17 13:00:00	1.1633940344737064	102832	29505372	2514084754
2018-04-17 12:10:00	2018-04-17 13:10:00	1.1136323117218514	99515	28123635	2503241125
2018-04-17 12:20:00	2018-04-17 13:20:00	1.0676938626518648	97373	27079971	2562217849
2018-04-17 12:30:00	2018-04-17 13:30:00	0.9317569353073369	96116	21844858	2467871974
2018-04-17 12:40:00	2018-04-17 13:40:00	0.8933825951284962	96890	21431526	2511018464
2018-04-17 12:50:00	2018-04-17 13:50:00	1.3734241127081772	71033	15894773	2546989618
2018-04-17 13:00:00	2018-04-17 14:00:00	1.2463119125928188	71779	16583089	2508859856
2018-04-17 13:10:00	2018-04-17 14:10:00	2.050489165024053	72547	1319199917	2455692718
2018-04-17 13:20:00	2018-04-17 14:20:00	2.0122927539818383	72454	6607031843	2337271349
2018-04-17 13:30:00	2018-04-17 14:30:00	1.9851319513702652	72322	8991841853	2370210942
2018-04-17 13:40:00	2018-04-17 14:40:00	2.033384352797958	71874	11277694702	2389568254
2018-04-17 13:50:00	2018-04-17 14:50:00	7.113652776883208	67319	1990656196029	34059669502
2018-04-17 14:00:00	2018-04-17 15:00:00	7.022012735199168	68459	1997546280849	34091810798
2018-04-17 14:10:00	2018-04-17 15:10:00	6.133902265180497	69530	2003119681858	34065014098
2018-04-17 14:20:00	2018-04-17 15:20:00	6.161714849679325	70476	2003208967043	34627391548
2018-04-17 14:30:00	2018-04-17 15:30:00	6.230982691734655	70608	2003718229202	35304462884
2018-04-17 14:40:00	2018-04-17 15:40:00	6.252331679629479	70818	2038980624403	35185196577
2018-04-17 14:50:00	2018-04-17 15:50:00	1.4374937984040606	71306	63890034189	3436485821
2018-04-17 15:00:00	2018-04-17 16:00:00	1.75693631986981	69744	56999506881	3425763637
2018-04-17 15:10:00	2018-04-17 16:10:00	1.7812228873454792	69327	54178034322	7507126470
2018-04-17 15:20:00	2018-04-17 16:20:00	2.3556937481255917	68955	48801805849	6960343710
2018-04-17 15:30:00	2018-04-17 16:30:00	2.380801917104917	68074	45946072893	8577883283
2018-04-17 15:40:00	2018-04-17 16:40:00	4.800168912934552	67857	13936500136	27399302199
2018-04-17 15:50:00	2018-04-17 16:50:00	5.266805163609738	66243	13232779950	34786507579
2018-04-17 16:00:00	2018-04-17 17:00:00	5.042329294280075	65910	29469361234	35158778402
2018-04-17 16:10:00	2018-04-17 17:10:00	5.050437568022756	65728	35644916386	32925809934
2018-04-17 16:20:00	2018-04-17 17:20:00	4.485995198751906	64739	37782598066	38026014266
2018-04-17 16:30:00	2018-04-17 17:30:00	4.50463573108403	64998	37762546393	36777967464
2018-04-17 16:40:00	2018-04-17 17:40:00	1.9886544510344828	63800	32277861037	23173195222
2018-04-17 16:50:00	2018-04-17 17:50:00	1.567906427215854	66814	28765180399	23014904699
2018-04-17 17:00:00	2018-04-17 18:00:00	1.4854814536358578	66463	12724926041	27670584252
2018-04-17 17:10:00	2018-04-17 18:10:00	1.4642689742297759	67675	5442110511	26190453031
2018-04-17 17:20:00	2018-04-17 18:20:00	1.449060906646373	68985	3315184735	21068339513
2018-04-17 17:30:00	2018-04-17 18:30:00	1.484965329040264	70113	3343910008	38862534037
2018-04-17 17:40:00	2018-04-17 18:40:00	1.468949162475578	71143	4298931992	33701034901
2018-04-17 17:50:00	2018-04-17 18:50:00	1.1191324163784973	101792	12713162701	34731410813
2018-04-17 18:00:00	2018-04-17 19:00:00	1.1579369119652223	102823	12966651738	34662725266
2018-04-17 18:10:00	2018-04-17 19:10:00	1.1306753251924848	101177	10052146445	35866675476
2018-04-17 18:20:00	2018-04-17 19:20:00	1.1513148557112054	101082	10041038902	35930635626
2018-04-17 18:30:00	2018-04-17 19:30:00	1.151383319713206	100978	9995419815	17018165458
2018-04-17 18:40:00	2018-04-17 19:40:00	1.2258006855375978	100419	8987809808	16984349137
2018-04-17 18:50:00	2018-04-17 19:50:00	1.5941571904480643	72802	502903878	8742246629
2018-04-17 19:00:00	2018-04-17 20:00:00	1.5511658014953935	72623	53011178	3739022136
2018-04-17 19:10:00	2018-04-17 20:10:00	1.614776236405164	73116	20897100	2231045106
2018-04-17 19:20:00	2018-04-17 20:20:00	1.5823248031804809	73448	2795735348	2244007481
2018-04-17 19:30:00	2018-04-17 20:30:00	1.5077054205048765	73602	2795076575	2348977684
2018-04-17 19:40:00	2018-04-17 20:40:00	1.4461110598401232	74933	2794824901	2458166215
2018-04-17 19:50:00	2018-04-17 20:50:00	1.5121347254614907	71724	2794116314	2469436921
2018-04-17 20:00:00	2018-04-17 21:00:00	1.5511580658352386	72165	2794492217	2473952512
2018-04-17 20:10:00	2018-04-17 21:10:00	1.5619612432817251	72340	2794266510	2427156192
2018-04-17 20:20:00	2018-04-17 21:20:00	1.5628527121993605	71348	19452635	2343192352
2018-04-17 20:30:00	2018-04-17 21:30:00	1.5645047509303176	70406	19213712	2261033047
2018-04-17 20:40:00	2018-04-17 21:40:00	1.5360573787372993	68900	18649855	2157617450
2018-04-17 20:50:00	2018-04-17 21:50:00	1.8423477799739802	67642	18973131	2127084277
2018-04-17 21:00:00	2018-04-17 22:00:00	1.7823033384302929	66968	18576194	2171314933
2018-04-17 21:10:00	2018-04-17 22:10:00	1.8864157802705752	67929	580909321	2296302765
2018-04-17 21:20:00	2018-04-17 22:20:00	2.020845526450104	69357	5746487678	2469159202
2018-04-17 21:30:00	2018-04-17 22:30:00	2.1827184660469103	69920	7436401056	2430869554
2018-04-17 21:40:00	2018-04-17 22:40:00	2.201995016196216	70819	11610312893	2444198383
2018-04-17 21:50:00	2018-04-17 22:50:00	1.8981787383266118	70695	11801028411	2426374920
2018-04-17 22:00:00	2018-04-17 23:00:00	1.9086509015938027	71276	11806234617	2405646921
2018-04-17 22:10:00	2018-04-17 23:10:00	1.7303360920865984	69793	11243733432	2267492151
2018-04-17 22:20:00	2018-04-17 23:20:00	1.5662188348989552	68237	6078183297	2111191407
2018-04-17 22:30:00	2018-04-17 23:30:00	1.567411476263014	67616	4388458067	2113109582
2018-04-17 22:40:00	2018-04-17 23:40:00	1.531064973267595	66324	214455446	2072634269
2018-04-17 22:50:00	2018-04-17 23:50:00	1.4547376576825681	68714	23604678	2098354968
2018-04-17 23:00:00	2018-04-18 00:00:00	1.4713845785440065	70069	19034055	2252441512
2018-04-17 23:10:00	2018-04-18 00:10:00	1.460490953806365	72694	19366487	2287642820
2018-04-17 23:20:00	2018-04-18 00:20:00	1.5174998514021816	74705	19497155	2429025669
2018-04-17 23:30:00	2018-04-18 00:30:00	1.3652370982746382	74709	19582604	2440378807
2018-04-17 23:40:00	2018-04-18 00:40:00	1.3704039111563686	75616	19955492	2482930595
2018-04-17 23:50:00	2018-04-18 00:50:00	0.9037802807884232	119631	1443302469	2496513774
